year,month,unemployed,unemployment_rate,manufacturing_job,accomodation_jobs,foodservice_job,building_permit,total_visitor_days,domestic_visitor_days,international_visitor_days
1990, Jan ,"15,100",2.8,20700,38300,46200,115544,4704495,3311731,1392763
1990, Feb ,"13,850",2.6,20900,38600,46900,154940,4363601,3150147,1213454
1990, Mar ,"13,650",2.5,20900,36600,47300,151929,4740832,3479128,1261704
1990, Apr ,"15,000",2.7,20500,39100,47200,220829,4562490,3401954,1160536
1990, May ,"14,700",2.7,20300,39000,47200,144128,4427904,3369215,1058690
1990, Jun ,"18,000",3.2,20600,38800,47900,177969,5099786,3831734,1268051
1990, Jul ,"14,400",2.6,20700,38600,47500,152072,5390761,3940443,1450319
1990, Aug ,"13,550",2.4,20600,39000,47700,135859,5538594,4000935,1537658
1990, Sep ,"15,650",2.8,20500,38600,47000,189748,4178084,3073711,1104374
1990, Oct ,"13,350",2.4,20400,38800,47100,250986,4335155,3268718,1066437
1990, Nov ,"14,000",2.5,20500,40100,47500,167518,4408589,3291044,1117546
1990, Dec ,"10,750",1.9,20400,40600,47800,240245,4648237,3150424,1497813
1991, Jan ,"14,050",2.5,20300,40900,47000,188759,4368203,3027408,1340795
1991, Feb ,"14,250",2.5,20300,40200,47100,223763,3378490,2499259,879231
1991, Mar ,"15,550",2.8,20000,39400,47100,410433,4287159,3313322,973837
1991, Apr ,"14,750",2.6,19800,39400,46600,164768,4266310,3207817,1058492
1991, May ,"14,100",2.5,19800,39700,47000,174575,4345228,3217454,1127775
1991, Jun ,"19,400",3.4,20100,39600,47900,89725,4913825,3560158,1353667
1991, Jul ,"15,900",2.8,20100,40400,48200,256192,5321215,3792580,1528635
1991, Aug ,"15,300",2.7,19900,41700,48100,137590,5432322,3859185,1573137
1991, Sep ,"17,950",3.2,19800,41700,47300,97782,4406954,3043046,1363908
1991, Oct ,"15,450",2.7,19700,41100,46600,114504,4214705,3027226,1187478
1991, Nov ,"16,600",2.9,19600,41300,46700,94826,4217294,2943480,1273814
1991, Dec ,"16,150",2.8,19300,42000,47100,198932,4621096,3084361,1536736
1992, Jan ,"19,300",3.4,18600,41700,47400,90023,4654206,3157955,1496251
1992, Feb ,"21,000",3.7,18800,41500,47600,246899,4523418,3061649,1461769
1992, Mar ,"20,900",3.6,18700,41300,47900,159371,4620746,3273397,1347349
1992, Apr ,"20,650",3.6,18700,41500,47700,161072,4437338,3271638,1165700
1992, May ,"23,150",4,18700,41400,47800,111890,4442848,3111567,1331282
1992, Jun ,"29,100",5,19100,41100,48200,165391,4868923,3373756,1495167
1992, Jul ,"25,750",4.4,19600,40800,48100,162769,4991949,3490464,1501485
1992, Aug ,"25,350",4.4,19300,41200,48000,137036,5119453,3576554,1542899
1992, Sep ,"24,450",4.3,18800,40500,47400,201120,4395511,2978265,1417246
1992, Oct ,"26,350",4.6,18700,40000,45700,106268,4518893,3361966,1156926
1992, Nov ,"27,250",4.7,18600,40100,46000,95860,4520073,3285681,1234392
1992, Dec ,"23,850",4.1,18500,40400,46800,114172,4629593,3068666,1560927
1993, Jan ,"26,550",4.6,17700,38900,45800,98594,4625162,2981943,1643219
1993, Feb ,"25,950",4.5,17700,38500,46300,92094,4294128,2939578,1354550
1993, Mar ,"25,550",4.4,17800,38400,46100,112603,4774371,3315300,1459071
1993, Apr ,"24,400",4.2,17800,38000,46100,119880,4294015,3091481,1202534
1993, May ,"24,450",4.2,17700,38100,46300,123353,4316340,2982816,1333524
1993, Jun ,"29,300",5,17900,38100,46300,131129,4450495,3069005,1381491
1993, Jul ,"25,600",4.3,17800,37700,46400,166867,4875766,3342192,1533574
1993, Aug ,"24,700",4.2,17700,37700,46400,158997,4983199,3328792,1654407
1993, Sep ,"24,850",4.3,17500,37400,46000,127070,4050958,2653125,1397833
1993, Oct ,"24,400",4.2,17300,37600,45800,137394,4393476,3120714,1272762
1993, Nov ,"25,450",4.4,17200,37200,45900,146632,4259606,2930409,1329196
1993, Dec ,"23,500",4,17200,37400,46000,90805,4519177,2901546,1617631
1994, Jan ,"29,950",5.1,16500,37600,45900,90124,4376091,2879382,1496709
1994, Feb ,"29,600",5.1,16700,37700,45900,100958,4656015,3153652,1502363
1994, Mar ,"29,650",5.1,16900,37900,46000,111724,5259762,3643154,1616609
1994, Apr ,"29,800",5.1,17100,37800,45700,131765,4481473,3281124,1200349
1994, May ,"29,100",5,17000,37700,45700,179489,4338628,3031353,1307274
1994, Jun ,"33,500",5.7,17100,37700,46500,141263,4885004,3514824,1370180
1994, Jul ,"32,650",5.6,17100,38200,46900,209345,5220741,3671743,1548998
1994, Aug ,"31,750",5.4,17000,37900,47000,112217,5449762,3707334,1742428
1994, Sep ,"32,200",5.6,17000,37900,46600,139556,4340256,2828618,1511638
1994, Oct ,"30,450",5.3,16600,38000,46200,142909,4492353,3145523,1346830
1994, Nov ,"29,200",5,16400,38200,46600,152557,4695927,3286268,1409659
1994, Dec ,"25,550",4.4,16400,38300,47700,100991,4973804,3241949,1731855
1995, Jan ,"30,500",5.2,16200,38100,46900,106700,4598397,3082084,1516313
1995, Feb ,"28,200",4.9,16100,37800,47100,146109,4450811,3159270,1291541
1995, Mar ,"28,550",4.9,16100,37700,47300,169590,5001748,3443867,1557881
1995, Apr ,"31,850",5.4,16100,37600,47000,173942,4434471,3222384,1212087
1995, May ,"31,950",5.5,16100,37500,46200,99914,4439828,2976478,1463350
1995, Jun ,"36,500",6.2,16300,37200,47800,201811,5009335,3500142,1509193
1995, Jul ,"34,850",5.9,16400,37400,47900,155089,5389150,3532106,1857044
1995, Aug ,"34,500",5.9,16500,37800,47700,79673,5483312,3598805,1884506
1995, Sep ,"35,200",6.1,16400,37500,47400,145288,4395253,2716490,1678764
1995, Oct ,"33,250",5.7,16300,37200,46900,102061,4597356,3167645,1429711
1995, Nov ,"31,900",5.5,16400,37800,47000,69645,4587407,3079189,1508218
1995, Dec ,"29,700",5.1,16400,37900,47600,81496,4953811,3083248,1870563
1996, Jan ,"36,100",6.1,16000,37800,47200,76711,4657236,3035291,1621945
1996, Feb ,"34,200",5.8,15900,38300,47500,105994,4965859,3359315,1606544
1996, Mar ,"34,300",5.8,16000,38500,47800,97774,5123868,3480341,1643527
1996, Apr ,"35,400",6,15800,37900,47100,94402,4488372,3170903,1317469
1996, May ,"34,850",5.9,15900,37900,47100,92820,4585832,3177503,1408329
1996, Jun ,"38,450",6.4,16000,38000,47700,80998,5239748,3672407,1567341
1996, Jul ,"37,000",6.1,16400,38300,47700,140340,5368815,3567537,1801279
1996, Aug ,"34,450",5.8,16200,38600,48200,122015,5518280,3768492,1749789
1996, Sep ,"35,650",6,15900,38600,48200,89966,4438803,2845524,1593278
1996, Oct ,"33,700",5.7,15900,38400,47400,84395,4406540,2947870,1458670
1996, Nov ,"37,150",6.2,15900,38600,47500,73405,4429987,2984123,1445863
1996, Dec ,"32,950",5.5,16000,39300,48000,58940,4713189,2934660,1778529
1997, Jan ,"36,250",6,15700,39000,47200,87858,4509533,3016423,1493109
1997, Feb ,"35,300",5.9,15800,38900,47500,77901,4603321,3060017,1543304
1997, Mar ,"35,400",5.9,16000,39000,47400,93186,5238218,3575788,1662430
1997, Apr ,"35,100",5.8,15800,38400,47200,99989,4539350,3243908,1295441
1997, May ,"35,150",5.9,15800,37900,47400,209656,4408084,3042385,1365699
1997, Jun ,"40,900",6.7,16100,37500,47900,115936,4910141,3506009,1404132
1997, Jul ,"37,500",6.2,16200,37800,47700,87720,5299717,3676737,1622980
1997, Aug ,"36,250",6,16100,38000,48100,96153,5359359,3735865,1623493
1997, Sep ,"37,950",6.3,15700,37900,47700,82089,4552427,2939592,1612835
1997, Oct ,"33,850",5.7,15800,38000,47200,78807,4619859,3272667,1347192
1997, Nov ,"33,300",5.5,15900,38100,47600,71359,4525347,3153701,1371646
1997, Dec ,"32,100",5.3,16000,38500,48100,78527,4808007,3203973,1604034
1998, Jan ,"33,800",5.6,15800,38300,47200,64427,5370977,3733968,1637009
1998, Feb ,"33,250",5.6,15600,38400,47600,89452,4824140,3327522,1496618
1998, Mar ,"35,200",5.8,15800,38600,47900,106541,4953051,3502439,1450611
1998, Apr ,"31,550",5.2,15600,38200,47800,75500,4453853,3291046,1162808
1998, May ,"34,450",5.7,15700,38000,48300,89167,4180819,3028615,1152204
1998, Jun ,"40,300",6.6,15900,37700,48400,81983,4907805,3719394,1188411
1998, Jul ,"36,750",6,16100,37700,48300,105141,5339987,3873706,1466281
1998, Aug ,"35,600",5.9,15900,37600,48600,76871,5151563,3605228,1546335
1998, Sep ,"38,750",6.4,15700,37400,48600,113943,4083329,2799425,1283905
1998, Oct ,"35,700",5.9,15700,37300,47900,91808,4340742,3168040,1172702
1998, Nov ,"34,300",5.7,15800,37600,48300,76247,4403472,3069593,1333878
1998, Dec ,"31,650",5.2,15800,37700,48800,83201,5437174,3785962,1651213
1999, Jan ,"33,750",5.6,15600,37500,47700,71933,5572576,3859508,1713068
1999, Feb ,"32,550",5.4,15600,37600,48000,153033,4998165,3399031,1599132
1999, Mar ,"31,850",5.3,15700,37700,48800,117909,5142171,3543106,1599065
1999, Apr ,"32,150",5.3,15800,37600,48800,83360,4330560,3157947,1172614
1999, May ,"30,750",5.1,15900,37600,48900,113181,4288806,3177925,1110883
1999, Jun ,"36,150",6,16000,37500,49400,117795,5178165,3938501,1239666
1999, Jul ,"32,600",5.4,16300,37100,49700,118114,5829823,4260970,1568850
1999, Aug ,"30,950",5.1,16200,37100,49600,118182,5408720,3890960,1517764
1999, Sep ,"31,750",5.3,16200,36800,49800,77749,4371295,3047218,1324080
1999, Oct ,"29,600",4.9,16200,37600,49300,123522,4911186,3593007,1318177
1999, Nov ,"28,850",4.8,16300,38200,49500,117209,4632346,3316616,1315730
1999, Dec ,"25,600",4.2,16400,38500,50000,108232,5356424,3884389,1472033
2000, Jan ,"27,650",4.6,16200,37700,49400,100434,5319915,3843820,1476096
2000, Feb ,"26,500",4.4,16100,37900,50000,131980,5204348,3660137,1544211
2000, Mar ,"25,850",4.2,16300,38300,50500,119421,5473230,3838142,1635088
2000, Apr ,"25,000",4.1,16300,38600,50600,109112,4789044,3513515,1275528
2000, May ,"26,000",4.3,16300,38700,50700,167605,4622620,3461115,1161505
2000, Jun ,"29,450",4.8,16600,38800,51600,116189,5586566,4416133,1170434
2000, Jul ,"25,900",4.3,16600,38600,51900,130422,5936270,4540674,1395596
2000, Aug ,"26,100",4.3,16800,38600,52100,143582,5466582,3970553,1496029
2000, Sep ,"25,850",4.3,16800,38800,51800,103415,4369177,3087697,1281480
2000, Oct ,"23,650",3.9,16800,39000,51300,163908,4730770,3530228,1200542
2000, Nov ,"23,850",3.9,16800,38900,51800,115050,4614238,3358125,1256113
2000, Dec ,"22,100",3.6,16800,39000,52400,111484,5608391,3959451,1648940
2001, Jan ,"25,200",4.1,16700,38900,50700,117188,5628265,4123699,1504566
2001, Feb ,"24,050",4,16700,39100,51200,116237,4941711,3515073,1426638
2001, Mar ,"24,400",4,16700,39100,51700,129102,5355904,3755791,1600113
2001, Apr ,"26,250",4.3,16600,38900,51300,119748,4645722,3429732,1215990
2001, May ,"23,800",3.9,16700,38800,51400,162546,4391613,3345256,1046358
2001, Jun ,"29,050",4.8,16700,38700,52000,141346,5485939,4216048,1269891
2001, Jul ,"25,200",4.1,16600,38600,51600,165620,5990893,4493134,1497758
2001, Aug ,"24,300",4,16700,38900,52000,117586,5723244,4100236,1623008
2001, Sep ,"24,750",4.1,16600,39000,51300,137772,3251896,2436279,815617
2001, Oct ,"27,950",4.6,16100,36500,49200,160692,3570250,2868534,701716
2001, Nov ,"31,600",5.2,16100,36100,49100,99732,3805947,3002204,803743
2001, Dec ,"26,200",4.3,16100,35900,49900,118171,4968859,3822812,1146047
2002, Jan ,"28,400",4.7,15700,35800,49500,121141,4955561,3778312,1177249
2002, Feb ,"25,600",4.2,15700,36000,50000,80488,4710326,3557882,1152444
2002, Mar ,"25,000",4.1,15800,36300,50700,134653,4981201,3699770,1281431
2002, Apr ,"24,400",4.1,15200,36200,50900,126114,4159427,3153334,1006093
2002, May ,"23,700",3.9,15300,36200,51700,182050,4413072,3419033,994038
2002, Jun ,"27,750",4.6,15500,36600,52100,128921,5366739,4295730,1071009
2002, Jul ,"24,050",4,15300,36700,51800,136693,5765263,4522792,1242471
2002, Aug ,"22,900",3.8,15200,36900,51900,184056,5554370,4117814,1436556
2002, Sep ,"23,900",4,15000,36900,51400,176804,4098107,2976588,1121519
2002, Oct ,"22,100",3.7,15000,36300,51100,187940,4488522,3374189,1114333
2002, Nov ,"22,650",3.8,15100,36600,51800,138093,4480915,3275715,1205201
2002, Dec ,"19,550",3.3,15100,36800,52000,175074,5497583,4004534,1493049
2003, Jan ,"23,050",3.8,14800,37100,51200,253773,5256581,3778855,1477726
2003, Feb ,"21,050",3.5,14800,37100,51800,164468,4682431,3333980,1348451
2003, Mar ,"21,800",3.6,14800,37300,52400,236890,4773694,3586934,1186761
2003, Apr ,"22,450",3.7,15000,36900,51900,159860,4302021,3491179,810842
2003, May ,"22,700",3.8,15000,36800,52500,227143,4227250,3369679,857571
2003, Jun ,"29,650",4.9,15100,36700,52900,329689,5191266,4401265,790001
2003, Jul ,"24,600",4.1,15100,37000,53300,214742,5903010,4771654,1131356
2003, Aug ,"23,900",4,15100,37300,53600,183696,5813347,4388192,1425155
2003, Sep ,"25,850",4.3,15200,37300,53400,132533,4048526,2978815,1069711
2003, Oct ,"23,700",3.9,15400,37200,53000,169370,4472070,3389553,1082517
2003, Nov ,"23,700",3.9,15500,37300,53400,137577,4411213,3294071,1117143
2003, Dec ,"20,500",3.4,15600,37700,54400,151493,5701290,4252807,1448483
2004, Jan ,"22,350",3.7,15400,37600,53600,209370,5412527,4032564,1379963
2004, Feb ,"20,750",3.4,15500,37700,54500,264709,5032956,3766550,1266406
2004, Mar ,"21,550",3.5,15400,37900,54700,306671,5159117,3870486,1288631
2004, Apr ,"19,900",3.3,15500,37800,54900,294299,4663810,3705930,957881
2004, May ,"19,000",3.1,15500,38000,55100,128356,4698207,3686589,1011618
2004, Jun ,"23,800",3.9,15700,38200,55900,296211,5643628,4598160,1045468
2004, Jul ,"19,650",3.2,15500,38400,56300,181258,6341213,5111387,1229826
2004, Aug ,"19,000",3.1,15500,38400,56700,219947,5822234,4464517,1357716
2004, Sep ,"20,100",3.3,15500,38200,56700,196382,4482658,3316092,1166566
2004, Oct ,"19,300",3.2,15400,38500,56000,278077,4830436,3713852,1116584
2004, Nov ,"19,650",3.2,15500,38600,56600,191083,4645251,3543593,1101658
2004, Dec ,"16,850",2.7,15500,38800,56900,160174,6029951,4632043,1397909
2005, Jan ,"18,650",3,15300,38700,55600,177023,5955054,4501775,1453279
2005, Feb ,"18,150",2.9,15400,38800,56200,171418,5355389,4098918,1256472
2005, Mar ,"17,050",2.7,15400,39100,56900,358095,5980895,4605170,1375725
2005, Apr ,"16,900",2.7,15300,38900,57000,257778,4706970,3661430,1045540
2005, May ,"16,300",2.6,15300,39000,57200,212494,4882235,3846990,1035245
2005, Jun ,"20,950",3.3,15300,39300,58100,258254,6120621,5020744,1099876
2005, Jul ,"17,750",2.8,15300,39400,57900,235996,6950956,5584150,1366807
2005, Aug ,"17,000",2.7,15500,39500,58000,300010,6352687,4929426,1423261
2005, Sep ,"19,050",3,15500,39600,57800,514541,4772839,3637506,1135333
2005, Oct ,"17,300",2.7,15400,39400,56800,377650,5252430,4003153,1249277
2005, Nov ,"18,200",2.9,15400,39300,57300,363710,4961161,3914538,1046623
2005, Dec ,"14,900",2.4,15500,39500,58000,264995,6396241,4900869,1495371
2006, Jan ,"15,900",2.5,15200,39300,57000,194251,6253496,4830369,1423127
2006, Feb ,"16,000",2.5,15300,39500,57800,245742,5602392,4265327,1337065
2006, Mar ,"16,650",2.6,15400,39600,58400,326244,6023952,4367930,1656022
2006, Apr ,"17,150",2.7,15300,39500,57900,338085,5068785,4078611,990174
2006, May ,"16,600",2.6,15400,39600,58200,298624,5071627,4031109,1040517
2006, Jun ,"21,200",3.3,15500,39700,59100,271427,6272003,5305008,966996
2006, Jul ,"17,500",2.7,15500,39800,59300,357160,6820132,5642415,1177717
2006, Aug ,"15,450",2.4,15700,39900,59500,444043,6268981,4943589,1325392
2006, Sep ,"15,900",2.5,15800,39700,59400,250272,4939912,3812973,1126938
2006, Oct ,"13,700",2.2,15500,39700,58700,318512,5113179,4060584,1052595
2006, Nov ,"14,650",2.3,15700,39900,59000,445179,5147599,4050620,1096980
2006, Dec ,"12,000",1.9,15800,40000,59400,280511,6563796,5195513,1368283
2007, Jan ,"15,950",2.5,15500,39900,58700,262668,5973248,4669713,1303535
2007, Feb ,"15,300",2.4,15500,39900,59700,211286,5471362,4166796,1304566
2007, Mar ,"15,700",2.5,15500,40100,60200,263167,5958199,4633180,1325019
2007, Apr ,"15,650",2.5,15400,39800,60300,413433,5360108,4171055,1189052
2007, May ,"15,500",2.4,15500,39700,60700,227787,5155343,4277367,877976
2007, Jun ,"20,650",3.2,15600,40100,61100,444472,6292456,5290435,1002021
2007, Jul ,"18,250",2.9,15400,39700,60500,275244,6603837,5471131,1132706
2007, Aug ,"17,450",2.8,15500,39800,60900,393256,6553918,5142518,1411400
2007, Sep ,"19,400",3.1,15500,39400,60200,227792,4829060,3811325,1017735
2007, Oct ,"18,000",2.9,15300,39300,59100,285051,5074036,4151037,922999
2007, Nov ,"19,100",3,15400,39500,59400,177394,5106662,4094717,1011944
2007, Dec ,"18,900",3,15500,39600,59800,403897,6757081,5221166,1535915
2008, Jan ,"20,250",3.1,15200,39800,59100,256331,6195309,4897804,1297504
2008, Feb ,"19,250",3,15300,40000,59900,252773,5682681,4400207,1282474
2008, Mar ,"19,300",3,15300,39700,60200,232038,5960939,4623237,1337702
2008, Apr ,"20,800",3.2,15300,39500,59500,270213,4769783,3780765,989017
2008, May ,"22,800",3.5,15300,39300,59800,397418,4799529,3840563,958966
2008, Jun ,"28,850",4.5,15300,38800,59900,380918,5582440,4591259,991181
2008, Jul ,"26,800",4.1,15100,38400,60100,241501,5807228,4679995,1127233
2008, Aug ,"27,550",4.3,15200,38000,60000,229683,5523032,4209974,1313058
2008, Sep ,"29,750",4.7,14900,37400,59000,218854,4079905,3042541,1037363
2008, Oct ,"29,450",4.6,14600,36800,57600,148974,4530236,3517688,1012548
2008, Nov ,"31,750",5,14700,36500,57500,129262,4499172,3482359,1016813
2008, Dec ,"32,650",5.1,14700,36500,57200,148613,5699879,4430956,1268923
2009, Jan ,"38,150",6,14300,36500,56100,247059,5536201,4295112,1241088
2009, Feb ,"39,650",6.3,14100,36300,56700,137341,4870413,3777973,1092441
2009, Mar ,"40,900",6.5,14100,36100,57100,157751,4888563,3661623,1226940
2009, Apr ,"40,450",6.4,13900,35500,56900,176611,4758344,3621838,1136506
2009, May ,"42,050",6.7,13900,35300,57300,131392,4553281,3729527,823754
2009, Jun ,"47,000",7.4,13800,35400,57400,162695,5412859,4532207,880652
2009, Jul ,"43,200",6.8,13700,35500,57100,295816,5900644,4784326,1116319
2009, Aug ,"42,700",6.8,13800,35300,57500,126981,5459769,4278162,1181607
2009, Sep ,"44,900",7.1,13900,35100,57300,135996,4256805,3203522,1053283
2009, Oct ,"43,100",6.9,13700,34800,56400,172455,4408959,3479204,929754
2009, Nov ,"42,450",6.7,13700,35000,56300,125578,4375209,3340507,1034702
2009, Dec ,"41,550",6.6,13700,35000,57000,129232,5834015,4417336,1416679
2010, Jan ,"45,250",7.1,13400,34900,56000,93553,5690200,4257102,1433098
2010, Feb ,"43,650",6.9,13300,34900,56600,153454,4970352,3660057,1310294
2010, Mar ,"43,650",6.8,13300,34800,56900,208325,5333698,3918469,1415229
2010, Apr ,"42,650",6.6,13100,34900,56800,144283,4763538,3637278,1126260
2010, May ,"42,150",6.5,13100,34800,56800,137552,4951964,3778961,1173003
2010, Jun ,"47,350",7.3,13000,34900,56800,255477,5683778,4686958,996820
2010, Jul ,"45,450",6.9,13000,35000,57200,169071,6537788,5295638,1242149
2010, Aug ,"44,800",6.9,13100,35200,57600,191094,5971669,4518297,1453371
2010, Sep ,"45,100",6.9,13300,35200,57400,192199,4688191,3485440,1202751
2010, Oct ,"44,000",6.8,13300,35300,57300,153753,5079875,3951789,1128086
2010, Nov ,"45,750",7,13300,35600,57800,156075,4945708,3778313,1167395
2010, Dec ,"42,250",6.4,13500,35800,58400,125460,6334674,4820280,1514393
2011, Jan ,"45,500",6.9,13200,35700,57900,131023,6383050,4826118,1556931
2011, Feb ,"44,150",6.7,13400,35800,58200,150189,5581323,4099981,1481342
2011, Mar ,"43,200",6.5,13500,36100,58700,99662,5750058,4286120,1463938
2011, Apr ,"42,250",6.4,13500,35900,58700,190291,5126414,3919135,1207279
2011, May ,"44,100",6.7,13500,35900,58800,131648,4910126,3922314,987811
2011, Jun ,"50,150",7.6,13400,36100,58600,116425,5794445,4726417,1068028
2011, Jul ,"46,800",7,13600,36200,58700,129692,6325403,5054542,1270861
2011, Aug ,"46,350",7,13700,36700,59000,218620,5882997,4445749,1437248
2011, Sep ,"47,400",7.2,13800,37100,58800,189383,4909527,3664839,1244689
2011, Oct ,"45,650",6.9,13700,37000,58100,198162,5150046,3942772,1207275
2011, Nov ,"44,500",6.8,13800,37300,58300,171041,5111206,3887305,1223901
2011, Dec ,"41,950",6.4,13800,37600,58800,132627,6901276,5064507,1836769
2012, Jan ,"43,350",6.7,13600,37700,58500,151741,6892106,5039374,1852731
2012, Feb ,"42,050",6.5,13600,37900,59200,111385,5903789,4236279,1667510
2012, Mar ,"41,400",6.3,13500,38100,59800,293562,6376019,4537802,1838217
2012, Apr ,"38,850",6,13400,38100,60000,183302,5563588,4080345,1483243
2012, May ,"39,200",6,13300,38300,60100,176100,5492567,4269387,1223180
2012, Jun ,"44,550",6.8,13400,38500,60600,287888,6331505,4980490,1351015
2012, Jul ,"39,950",6.1,13500,38700,61000,188109,6881187,5222846,1658340
2012, Aug ,"36,800",5.7,13600,38700,61400,255690,6438855,4736079,1702775
2012, Sep ,"36,000",5.6,13700,38600,60900,242827,5220053,3687584,1532469
2012, Oct ,"34,650",5.4,13700,38500,60600,348231,5533340,4119551,1413789
2012, Nov ,"33,150",5.1,13800,38700,60800,189899,5713099,4213546,1499553
2012, Dec ,"31,150",4.8,13800,39000,61600,215105,7317796,5369396,1948400
2013, Jan ,"33,900",5.2,13600,38800,61100,257534,6870046,5089836,1780210
2013, Feb ,"31,550",4.9,13700,38900,61600,154769,5965047,4296940,1668107
2013, Mar ,"30,050",4.6,13700,38900,62000,216771,6624496,4720166,1904330
2013, Apr ,"29,000",4.5,13600,39100,62100,240254,5593032,4100966,1492066
2013, May ,"29,450",4.5,13700,39200,62700,183992,5527686,4255894,1271791
2013, Jun ,"35,050",5.4,13800,39300,62900,289787,6581167,5157866,1423302
2013, Jul ,"31,000",4.7,13800,39500,63000,224500,7080409,5424631,1655778
2013, Aug ,"29,750",4.6,13900,39800,63300,179178,6572996,4748480,1824516
2013, Sep ,"31,800",4.9,14000,39400,62900,284757,5218324,3625951,1592373
2013, Oct ,"31,800",4.9,14000,39500,63000,210734,5508184,3968195,1539989
2013, Nov ,"30,450",4.6,14100,39700,63400,193800,5469043,3983683,1485360
2013, Dec ,"27,900",4.2,14100,40000,64000,284443,7039342,5090109,1949233
2014, Jan ,"30,200",4.6,13800,40200,62900,351425,7120459,5119261,2001198
2014, Feb ,"29,700",4.5,13800,40100,63400,141027,5965884,4230014,1735870
2014, Mar ,"29,000",4.4,14000,40100,64000,265940,6486631,4591870,1894760
2014, Apr ,"27,200",4.1,13800,40100,63900,298850,5696891,4074471,1622420
2014, May ,"27,950",4.2,13900,40200,64200,233013,5654108,4293777,1360331
2014, Jun ,"32,350",4.9,14100,40000,63900,274594,6671491,5223758,1447733
2014, Jul ,"29,400",4.4,14400,40000,64200,204198,7084616,5481991,1602625
2014, Aug ,"27,800",4.2,14500,40000,64500,301993,6461494,4711021,1750473
2014, Sep ,"27,800",4.2,14300,39900,64500,283432,5294035,3773951,1520084
2014, Oct ,"26,000",3.9,14400,40000,64200,391191,5731494,4186257,1545237
2014, Nov ,"26,200",3.9,14400,39900,64600,226745,5631210,4079958,1551252
2014, Dec ,"23,650",3.6,14500,39900,64800,342670,7470884,5376347,2094536
2015, Jan ,"26,700",4,14300,40200,64100,502040,7186748,5145692,2041056
2015, Feb ,"24,600",3.7,14400,40000,64500,532161,6138434,4269490,1868944
2015, Mar ,"23,400",3.5,14300,39800,65100,263402,6846372,4842583,2003789
2015, Apr ,"22,900",3.4,14200,39900,64800,256154,5836905,4228364,1608541
2015, May ,"23,450",3.5,14300,39900,65500,265420,6031520,4566630,1464890
2015, Jun ,"26,850",4,14300,40000,65400,318802,7094010,5557622,1536387
2015, Jul ,"22,100",3.3,14400,40100,66200,280351,7516378,5687281,1829097
2015, Aug ,"21,900",3.3,14500,40100,66800,314480,6663657,4776783,1886873
2015, Sep ,"22,950",3.4,14400,40000,66300,297364,5332590,3768327,1564262
2015, Oct ,"20,950",3.1,14500,40000,66500,440670,5884940,4329824,1555116
2015, Nov ,"20,950",3.1,14600,40300,67000,219772,5847414,4179799,1667614
2015, Dec ,"19,000",2.8,14700,40700,67600,272989,7707113,5597236,2109877
2016, Jan ,"20,500",3,14400,40800,66600,158650,7404468,5177396,2227072
2016, Feb ,"19,750",2.9,14400,40800,67300,173259,6311992,4405545,1906447
2016, Mar ,"19,750",2.9,14400,40900,67600,213658,6863235,4847432,2015803
2016, Apr ,"19,700",2.9,14400,40900,67800,257772,5865373,4142321,1723052
2016, May ,"18,850",2.8,14400,41100,68000,308286,6061561,4618664,1442898
2016, Jun ,"24,250",3.6,14500,41400,68100,394092,7235519,5628353,1607166
2016, Jul ,"20,250",3,14600,41300,68600,297992,7561516,5766500,1795016
2016, Aug ,"19,000",2.8,14700,41300,69400,258235,6766547,4818551,1947997
2016, Sep ,"20,200",3,14500,41000,69200,333147,5685918,4009404,1676514
2016, Oct ,"18,750",2.8,14500,41200,69100,295793,6057459,4379694,1677765
2016, Nov ,"17,600",2.6,14500,41400,69100,242949,5994696,4239022,1755673
2016, Dec ,"16,300",2.4,14700,41700,69900,306816,7860852,5777813,2083039
2017, Jan ,"19,250",2.8,14300,41600,69800,177998,7651350,5239899,2411451
2017, Feb ,"17,750",2.5,14400,41800,70600,470958,6457925,4443465,2014460
2017, Mar ,"16,550",2.4,14500,42000,71500,270551,7050634,4959565,2091069
2017, Apr ,"16,050",2.3,14600,42300,71000,267520,6458629,4491836,1966792
2017, May ,"15,550",2.2,14600,42500,71100,237743,6424097,4831895,1592203
2017, Jun ,"19,300",2.8,14700,42700,71600,315771,7525107,5801140,1723967
2017, Jul ,"15,450",2.2,14700,42600,71800,219004,8114776,6128864,1985912
2017, Aug ,"14,300",2.1,14800,42600,72100,220965,7041714,4963274,2078440
2017, Sep ,"13,900",2,14800,42500,71600,282398,5868626,4127536,1741090
2017, Oct ,"12,300",1.8,14800,42800,71400,317699,6335872,4549778,1786094
2017, Nov ,"13,250",1.9,14900,42900,71400,175716,6427445,4453882,1973563
2017, Dec ,"11,650",1.7,15000,43100,71900,171504,8251942,5968401,2283541
2018, Jan. ,"15,150",2.2,14800,42800,70900,172591,7972914,5585403,2387511
2018, Feb ,"14,650",2.1,14800,42700,71100,314573,7039064,4820992,2218071
2018, Mar ,"14,750",2.1,14700,42800,71700,212666,7696599,5495607,2200992
2018, Apr ,"14,350",2.1,14700,42800,70100,275278,6717076,4741094,1975982
2018, May ,"14,250",2.1,14500,43000,70200,507296,6818290,5205187,1613103
2018, Jun ,"20,850",3,14400,43000,70600,326017,8152230,6304198,1848032
2018, Jul ,"17,150",2.5,14400,43100,70700,237229,8492558,6489089,2003469
2018, Aug ,"16,450",2.4,14400,43100,71000,231666,7292311,5162162,2130148
2018, Sep ,"17,250",2.5,14300,42900,70100,274325,6134891,4359621,1775270
2018, Oct ,"17,200",2.5,14300,43500,69800,242559,6409659,4746722,1662937
2018, Nov ,"17,600",2.5,14400,41800,70200,187005,6680708,4688746,1991962
2018, Dec ,"15,900",2.3,14400,44300,70600,287087,8318301,6134074,2184227
2019, Jan. ,"20,550",3,14200,42600,69900,387916,8076194,5608716,2467478
2019, Feb ,"17,800",2.6,14200,42700,69900,160948,6843755,4778006,2065749
2019, Mar ,"18,100",2.6,14200,42600,70600,212161,7716825,5639153,2077672
2019, Apr ,"16,450",2.4,14100,42300,70300,231685,6885015,4960376,1924639
2019, May ,"16,250",2.4,14100,42400,70200,337386,7035854,5494077,1541778
2019, Jun ,"21,300",3.1,14100,42500,70500,239887,8334138,6666332,1667807
2019, Jul ,"17,800",2.6,14000,42800,70800,250844,8878983,6877423,2001559
2019, Aug ,"16,450",2.4,14100,42800,71100,268639,7840392,5765397,2074995
2019, Sep ,"15,750",2.3,14000,42800,70600,279284,6089616,4353655,1735961
2019, Oct ,"15,000",2.2,13900,43000,69700,377078,6577024,4931639,1645385
2019, Nov ,"14,250",2.1,13900,43000,70100,231520,6635121,4832847,1802274
2019, Dec ,"11,600",1.7,14100,43700,70600,244098,8779507,6627462,2152044
2020, Jan ,"15,850",2.3,13800,43700,69800,181050,8272732,5955461,2317271
2020, Feb ,"13,600",2,13700,43500,69900,227819,7121132,5294514,1826618
2020, Mar ,"13,750",2,13800,43300,68800,375924,3907993,3117379,790614
2020, Apr ,"140,550",21.9,10600,21500,32200,167684,131623,124681,6943
2020, May ,"133,650",20.7,11300,13000,34600,207390,283207,280436,2771
2020, Jun ,"116,600",17.7,11500,12700,41500,318055,473130,466756,6373
2020, Jul ,"107,150",16,11500,10900,42700,270084,567595,544765,22830
2020, Aug ,"94,050",14,11600,10700,42600,391845,701388,689658,11730
2020, Sep ,"97,300",15.6,11200,9700,37300,181293,614172,605128,9044
2020, Oct ,"81,000",12.5,11500,14100,41500,214249,1222402,1208179,14223
2020, Nov ,"73,750",11.2,11700,18400,45000,275468,2286098,2267152,18946
2020, Dec ,"66,850",10,11800,20600,47600,297629,2935326,2841108,94218
2021, Jan ,"52,050",7.9,11500,19400,48600,229403,2506145,2394224,111921
2021, Feb ,"43,000",6.5,11600,19900,49900,314042,2539868,2506545,33322
2021, Mar ,"38,750",5.9,11700,22000,51600,259222,4259791,4225955,33835
2021, Apr ,"38,300",5.8,11700,25100,54700,412865,4544287,4506210,38077
2021, May ,"36,950",5.6,11800,27500,56000,651271,5906488,5856723,49765
2021, Jun ,"43,350",6.5,12000,30500,58500,281705,7679183,7617527,61656
2021, Jul ,"38,050",5.6,12400,32700,60000,310160,8221214,8132970,88244
2021, Aug ,"37,400",5.6,12400,33400,60200,272592,6553003,6426044,126958
2021, Sep ,"35,500",5.3,12300,32500,58800,354693,4622029,4539018,83011
2021, Oct ,"34,400",5.1,12400,31800,57700,200975,5099902,4920574,179329
2021, Nov ,"31,550",4.7,12400,32700,58500,258016,5734772,5379554,355218
2021, Dec ,"29,500",4.4,12400,35100,60100,202162,7645593,6968537,677055
2022, Jan ,"26,850",4,12100,34400,59600,261148,6234373,5696512,537861
2022, Feb ,"25,500",3.8,12200,34900,61200,226464,5879105,5358867,520238
2022, Mar ,"22,950",3.4,12300,35800,61800,380516,7017618,6207753,809865
2022, Apr 3/ ,"23,750",3.5,12400,36800,62800,183068,7061930,6332771,729159
2022, May ,"23,900",3.6,12300,37400,63400,239753,6873550,6361577,511973
2022, June ,"27,750",4.1,12400,37700,64200,212008,7948270,7409796,538474
2022, July ,"25,200",3.7,12400,38100,66000,265246,8600774,7715972,884802
2022, August ,"24,250",3.6,12500,38500,66200,279193,7523465,6571727,951738
2022, September ,"23,050",3.4,12500,38500,66900,238468,6199291,5525363,673927
